{
  "RT_GROUP_ICON": {
    "APP": {
      "0000": [
        "icon-256.png",
        "icon-32.png"
      ]
    }
  },
  "RT_MANIFEST": {
    "#1": {
      "0409": {}
    }
  },
  "RT_VERSION": {
    "#1": {
      "0000": {
        "fixed": {
          "file_version": "0.0.0.0",
          "product_version": "0.0.0.0"
        },
        "info": {
          "0409": {
            "Comments": "https://github.com/wokwi/wokwigw",
            "CompanyName": "CodeMagic LTD",
            "FileDescription": "Wokwi IoT Gateway",
            "InternalName": "",
            "LegalCopyright": "© 2022 CodeMagic LTD",
            "OriginalFilename": "",
            "ProductName": "Wokwi IoT Gateway"
          }
        }
      }
    }
  }
}